{
  "n_variables": 25,
  "samples_per_alpha": 150,
  "alpha_values": [
    1.0,
    1.5,
    2.0,
    2.5,
    3.0,
    3.1,
    3.2,
    3.3,
    3.4,
    3.5,
    3.6,
    3.7,
    3.8,
    3.9,
    4.0,
    4.1,
    4.2,
    4.3,
    4.4,
    4.5,
    4.6,
    4.7,
    4.8,
    4.9,
    5.0,
    5.1,
    5.2,
    5.3,
    5.4,
    5.5,
    5.6,
    5.7,
    5.8,
    5.9,
    6.0,
    6.5,
    7.0,
    7.5,
    8.0
  ],
  "satisfiability_probability": [
    1.0,
    1.0,
    1.0,
    1.0,
    1.0,
    1.0,
    1.0,
    0.9933333333333333,
    1.0,
    0.98,
    0.98,
    0.96,
    0.92,
    0.92,
    0.8466666666666667,
    0.7866666666666666,
    0.76,
    0.7333333333333333,
    0.66,
    0.5666666666666667,
    0.46,
    0.34,
    0.29333333333333333,
    0.22666666666666666,
    0.24666666666666667,
    0.18,
    0.13333333333333333,
    0.13333333333333333,
    0.1,
    0.08,
    0.06,
    0.02,
    0.05333333333333334,
    0.013333333333333334,
    0.006666666666666667,
    0.0,
    0.0,
    0.0,
    0.0
  ],
  "average_conflicts": [
    0.04666666666666667,
    0.16,
    0.43333333333333335,
    0.7133333333333334,
    1.84,
    2.453333333333333,
    2.72,
    3.26,
    3.8066666666666666,
    4.34,
    5.766666666666667,
    6.1466666666666665,
    7.506666666666667,
    7.433333333333334,
    8.1,
    9.833333333333334,
    10.506666666666666,
    10.353333333333333,
    11.0,
    12.786666666666667,
    12.706666666666667,
    13.68,
    13.686666666666667,
    13.653333333333334,
    14.32,
    14.233333333333333,
    14.133333333333333,
    14.126666666666667,
    13.593333333333334,
    13.78,
    12.946666666666667,
    13.013333333333334,
    12.846666666666666,
    12.513333333333334,
    12.453333333333333,
    11.26,
    10.46,
    9.993333333333334,
    9.506666666666666
  ]
}