{
  "n_variables": 50,
  "samples_per_alpha": 150,
  "alpha_values": [
    1.0,
    1.5,
    2.0,
    2.5,
    3.0,
    3.1,
    3.2,
    3.3,
    3.4,
    3.5,
    3.6,
    3.7,
    3.8,
    3.9,
    4.0,
    4.1,
    4.2,
    4.3,
    4.4,
    4.5,
    4.6,
    4.7,
    4.8,
    4.9,
    5.0,
    5.1,
    5.2,
    5.3,
    5.4,
    5.5,
    5.6,
    5.7,
    5.8,
    5.9,
    6.0,
    6.5,
    7.0,
    7.5,
    8.0
  ],
  "satisfiability_probability": [
    1.0,
    1.0,
    1.0,
    1.0,
    1.0,
    1.0,
    1.0,
    1.0,
    1.0,
    0.9933333333333333,
    0.9933333333333333,
    0.9866666666666667,
    0.96,
    0.94,
    0.8333333333333334,
    0.74,
    0.76,
    0.5666666666666667,
    0.44,
    0.32666666666666666,
    0.36666666666666664,
    0.17333333333333334,
    0.09333333333333334,
    0.07333333333333333,
    0.04666666666666667,
    0.05333333333333334,
    0.04666666666666667,
    0.02,
    0.006666666666666667,
    0.006666666666666667,
    0.0,
    0.013333333333333334,
    0.006666666666666667,
    0.0,
    0.0,
    0.0,
    0.0,
    0.0,
    0.0
  ],
  "average_conflicts": [
    0.08666666666666667,
    0.14666666666666667,
    0.5066666666666667,
    1.1133333333333333,
    2.8533333333333335,
    4.006666666666667,
    5.013333333333334,
    7.013333333333334,
    6.82,
    11.566666666666666,
    12.466666666666667,
    17.22,
    21.593333333333334,
    27.713333333333335,
    34.54666666666667,
    41.18666666666667,
    40.553333333333335,
    47.46666666666667,
    49.58,
    52.8,
    49.88,
    50.81333333333333,
    48.45333333333333,
    50.08,
    46.74,
    48.72666666666667,
    43.14,
    41.18666666666667,
    39.61333333333334,
    38.63333333333333,
    36.76,
    36.35333333333333,
    34.3,
    32.82,
    33.18,
    28.16,
    24.826666666666668,
    21.326666666666668,
    20.62
  ]
}