{
  "n_variables": 75,
  "samples_per_alpha": 150,
  "alpha_values": [
    1.0,
    1.5,
    2.0,
    2.5,
    3.0,
    3.1,
    3.2,
    3.3,
    3.4,
    3.5,
    3.6,
    3.7,
    3.8,
    3.9,
    4.0,
    4.1,
    4.2,
    4.3,
    4.4,
    4.5,
    4.6,
    4.7,
    4.8,
    4.9,
    5.0,
    5.1,
    5.2,
    5.3,
    5.4,
    5.5,
    5.6,
    5.7,
    5.8,
    5.9,
    6.0,
    6.5,
    7.0,
    7.5,
    8.0
  ],
  "satisfiability_probability": [
    1.0,
    1.0,
    1.0,
    1.0,
    1.0,
    1.0,
    1.0,
    1.0,
    1.0,
    1.0,
    1.0,
    1.0,
    0.9666666666666667,
    0.9466666666666667,
    0.9266666666666666,
    0.8,
    0.6533333333333333,
    0.5933333333333334,
    0.38,
    0.25333333333333335,
    0.19333333333333333,
    0.09333333333333334,
    0.02666666666666667,
    0.02666666666666667,
    0.013333333333333334,
    0.013333333333333334,
    0.006666666666666667,
    0.0,
    0.0,
    0.0,
    0.0,
    0.0,
    0.0,
    0.0,
    0.0,
    0.0,
    0.0,
    0.0,
    0.0
  ],
  "average_conflicts": [
    0.08666666666666667,
    0.13333333333333333,
    0.48,
    1.36,
    5.32,
    6.086666666666667,
    8.066666666666666,
    11.026666666666667,
    12.946666666666667,
    17.953333333333333,
    26.153333333333332,
    36.53333333333333,
    61.513333333333335,
    76.05333333333333,
    97.35333333333334,
    112.28666666666666,
    130.4,
    136.72666666666666,
    157.02666666666667,
    159.80666666666667,
    150.25333333333333,
    150.94666666666666,
    142.12,
    137.88,
    126.8,
    121.24666666666667,
    107.82666666666667,
    102.47333333333333,
    101.61333333333333,
    90.96,
    91.63333333333334,
    82.9,
    79.13333333333334,
    81.66,
    73.29333333333334,
    59.32666666666667,
    50.653333333333336,
    44.72666666666667,
    38.32666666666667
  ]
}